item_id,order_id,product_id,quantity,unit_price,discount,subtotal
1,1,25,1,45.9,0,45.9
2,1,38,1,39.9,2.0,37.9
3,1,58,1,29.9,0,29.9
4,2,17,2,79.9,0,159.8
5,2,21,1,89.9,0,89.9
6,3,20,4,139.0,0,556.0
7,4,81,1,35.9,0,35.9
8,4,79,2,49.9,14.97,84.83
9,4,85,2,19.9,0,39.8
10,5,65,1,15.9,0,15.9
11,5,21,1,89.9,0,89.9
12,6,43,1,39.9,0,39.9
13,7,80,10,89.9,134.85,764.15
14,7,68,1,45.9,0,45.9
15,7,61,2,29.9,0,59.8
16,7,72,5,89.9,0,449.5
17,7,97,1,69.9,0,69.9
18,8,50,1,89.9,0,89.9
19,8,33,3,39.9,0,119.7
20,8,70,3,25.9,0,77.7
21,8,93,1,55.9,0,55.9
22,9,66,1,79.9,4.0,75.9
23,10,27,2,99.0,0,198.0
24,10,86,2,349.0,0,698.0
25,11,90,4,55.9,0,223.6
26,12,10,2,69.9,20.97,118.83
27,12,96,1,239.0,23.9,215.1
28,13,72,3,89.9,0,269.7
29,13,10,1,69.9,0,69.9
30,13,74,1,55.9,0,55.9
31,14,16,1,129.0,0,129.0
32,14,69,1,59.9,0,59.9
33,15,10,1,69.9,0,69.9
34,16,88,1,29.9,5.98,23.92
35,17,85,1,19.9,0,19.9
36,17,4,1,55.0,0,55.0
37,18,70,1,25.9,0,25.9
38,18,38,4,39.9,0,159.6
39,18,82,2,299.0,0,598.0
40,19,71,1,149.0,0,149.0
41,19,72,1,89.9,0,89.9
42,19,19,1,189.0,0,189.0
43,19,16,2,129.0,0,258.0
44,20,83,3,89.9,26.97,242.73
45,21,33,1,39.9,2.0,37.9
46,22,71,1,149.0,7.45,141.55
47,22,60,1,9.9,0,9.9
48,22,83,5,89.9,0,449.5
49,22,10,2,69.9,0,139.8
50,23,9,4,399.0,0,1596.0
51,24,79,1,49.9,0,49.9
52,24,85,2,19.9,0,39.8
53,25,55,1,22.9,0,22.9
54,25,22,1,75.0,0,75.0
55,26,47,2,35.9,0,71.8
56,26,18,1,25.9,0,25.9
57,27,63,1,19.9,0,19.9
58,27,71,3,149.0,0,447.0
59,27,14,1,89.9,0,89.9
60,28,81,1,35.9,1.79,34.11
61,29,81,2,35.9,0,71.8
62,29,4,1,55.0,8.25,46.75
63,29,75,2,45.9,0,91.8
64,30,100,1,79.9,0,79.9
65,30,20,3,139.0,0,417.0
66,31,60,2,9.9,2.97,16.83
67,32,85,3,19.9,0,59.7
68,32,31,2,79.9,15.98,143.82
69,33,23,5,35.9,0,179.5
70,33,73,5,199.0,0,995.0
71,34,46,1,45.9,0,45.9
72,34,6,1,299.0,0,299.0
73,35,27,2,99.0,0,198.0
74,36,59,1,18.9,0,18.9
75,36,6,1,299.0,0,299.0
76,37,36,1,199.0,0,199.0
77,37,95,1,149.0,0,149.0
78,38,84,2,45.9,0,91.8
79,38,10,4,69.9,0,279.6
80,39,45,3,29.9,0,89.7
81,39,63,1,19.9,0,19.9
82,40,30,2,29.9,0,59.8
83,40,10,1,69.9,3.5,66.4
84,41,54,1,55.9,0,55.9
85,41,43,1,39.9,0,39.9
86,41,93,2,55.9,0,111.8
87,42,17,2,79.9,7.99,151.81
88,43,19,4,189.0,0,756.0
89,43,8,1,79.0,0,79.0
90,43,22,2,75.0,0,150.0
91,43,34,2,149.0,0,298.0
92,44,28,3,119.0,71.4,285.6
93,44,58,2,29.9,0,59.8
94,44,78,3,29.9,13.46,76.24
95,44,61,1,29.9,0,29.9
96,45,77,1,69.9,3.5,66.4
97,45,76,1,35.9,0,35.9
98,45,9,2,399.0,0,798.0
99,45,30,1,29.9,5.98,23.92
100,46,77,3,69.9,20.97,188.73
101,46,5,4,99.0,0,396.0
102,46,69,1,59.9,0,59.9
103,46,65,2,15.9,0,31.8
104,47,6,2,299.0,0,598.0
105,47,90,3,55.9,0,167.7
106,48,76,4,35.9,0,143.6
107,48,95,2,149.0,0,298.0
108,49,99,1,29.9,0,29.9
109,50,70,1,25.9,1.29,24.61
110,51,16,1,129.0,0,129.0
111,51,67,2,39.9,0,79.8
112,52,20,2,139.0,0,278.0
113,52,55,3,22.9,0,68.7
114,53,36,1,199.0,0,199.0
115,53,88,2,29.9,0,59.8
116,54,72,2,89.9,0,179.8
117,55,45,2,29.9,0,59.8
118,55,100,3,79.9,0,239.7
119,56,58,1,29.9,0,29.9
120,56,90,3,55.9,0,167.7
121,56,21,2,89.9,0,179.8
122,57,50,5,89.9,22.48,427.02
123,58,61,1,29.9,0,29.9
124,58,77,1,69.9,0,69.9
125,58,56,2,49.9,0,99.8
126,59,84,1,45.9,0,45.9
127,59,67,1,39.9,0,39.9
128,60,64,1,89.9,0,89.9
129,61,67,1,39.9,0,39.9
130,61,37,2,55.9,0,111.8
131,61,25,1,45.9,4.59,41.31
132,62,21,3,89.9,0,269.7
133,62,12,1,49.9,0,49.9
134,62,36,2,199.0,0,398.0
135,63,12,2,49.9,0,99.8
136,64,75,1,45.9,0,45.9
137,64,45,1,29.9,0,29.9
138,65,52,1,25.9,1.29,24.61
139,65,74,2,55.9,0,111.8
140,66,15,5,69.9,0,349.5
141,66,66,3,79.9,0,239.7
142,67,49,3,189.0,0,567.0
143,67,73,5,199.0,0,995.0
144,67,62,1,35.9,0,35.9
145,68,15,1,69.9,0,69.9
146,69,29,1,65.9,0,65.9
147,69,87,5,199.0,0,995.0
148,69,90,1,55.9,0,55.9
149,70,12,1,49.9,0,49.9
150,71,71,1,149.0,0,149.0
151,71,23,4,35.9,0,143.6
152,72,88,1,29.9,0,29.9
153,72,25,4,45.9,0,183.6
154,72,64,1,89.9,0,89.9
155,72,95,2,149.0,14.9,283.1
156,73,11,2,59.9,0,119.8
157,74,98,5,99.9,0,499.5
158,74,70,1,25.9,0,25.9
159,75,74,10,55.9,0,559.0
160,75,36,1,199.0,0,199.0
161,75,63,2,19.9,7.96,31.84
162,75,24,1,59.9,0,59.9
163,76,51,3,35.9,0,107.7
164,76,88,1,29.9,0,29.9
165,77,2,1,189.0,0,189.0
166,77,87,1,199.0,0,199.0
167,78,71,1,149.0,0,149.0
168,79,44,1,119.0,0,119.0
169,79,47,1,35.9,0,35.9
170,79,24,1,59.9,5.99,53.91
171,79,64,5,89.9,0,449.5
172,79,55,3,22.9,0,68.7
173,80,72,1,89.9,0,89.9
174,80,56,2,49.9,0,99.8
175,80,49,1,189.0,0,189.0
176,81,81,2,35.9,0,71.8
177,82,39,3,29.9,4.49,85.21
178,82,33,2,39.9,11.97,67.83
179,82,72,1,89.9,0,89.9
180,83,43,1,39.9,0,39.9
181,83,34,4,149.0,0,596.0
182,84,16,1,129.0,0,129.0
183,85,74,2,55.9,16.77,95.03
184,85,84,1,45.9,0,45.9
185,86,95,4,149.0,0,596.0
186,86,58,1,29.9,0,29.9
187,87,22,2,75.0,0,150.0
188,88,79,1,49.9,0,49.9
189,88,74,1,55.9,0,55.9
190,89,84,2,45.9,0,91.8
191,89,38,1,39.9,0,39.9
192,90,47,2,35.9,0,71.8
193,90,96,1,239.0,0,239.0
194,90,76,1,35.9,0,35.9
195,91,96,2,239.0,47.8,430.2
196,92,13,4,29.9,0,119.6
197,92,9,1,399.0,0,399.0
198,93,11,1,59.9,11.98,47.92
199,93,14,1,89.9,0,89.9
200,94,81,1,35.9,0,35.9
201,95,5,2,99.0,0,198.0
202,96,61,5,29.9,0,149.5
203,96,60,1,9.9,0,9.9
204,97,90,1,55.9,0,55.9
205,97,70,4,25.9,0,103.6
206,97,23,2,35.9,0,71.8
207,97,76,4,35.9,0,143.6
208,97,77,1,69.9,10.48,59.42
209,98,34,1,149.0,14.9,134.1
210,98,20,1,139.0,0,139.0
211,99,63,5,19.9,0,99.5
212,100,56,3,49.9,0,149.7
213,101,71,1,149.0,0,149.0
214,101,48,1,22.9,4.58,18.32
215,101,25,3,45.9,0,137.7
216,102,81,1,35.9,0,35.9
217,103,89,2,39.9,0,79.8
218,103,88,1,29.9,1.5,28.4
219,103,35,1,35.9,0,35.9
220,103,37,2,55.9,0,111.8
221,104,80,1,89.9,0,89.9
222,105,69,1,59.9,0,59.9
223,106,17,2,79.9,0,159.8
224,107,20,1,139.0,0,139.0
225,108,64,1,89.9,0,89.9
226,108,48,1,22.9,0,22.9
227,109,8,2,79.0,23.7,134.3
228,109,35,3,35.9,0,107.7
229,109,100,1,79.9,0,79.9
230,109,51,1,35.9,0,35.9
231,109,10,1,69.9,0,69.9
232,110,59,2,18.9,3.78,34.02
233,111,88,4,29.9,5.98,113.62
234,111,40,2,25.9,0,51.8
235,112,62,2,35.9,3.59,68.21
236,113,28,1,119.0,17.85,101.15
237,113,15,2,69.9,0,139.8
238,113,31,1,79.9,0,79.9
239,113,82,2,299.0,0,598.0
240,114,20,1,139.0,6.95,132.05
241,114,48,2,22.9,0,45.8
242,114,99,5,29.9,0,149.5
243,115,46,2,45.9,0,91.8
244,116,17,1,79.9,0,79.9
245,116,63,2,19.9,0,39.8
246,116,30,4,29.9,0,119.6
247,117,49,1,189.0,9.45,179.55
248,118,57,1,39.9,0,39.9
249,118,72,1,89.9,13.48,76.42
250,119,60,3,9.9,0,29.7
251,119,36,3,199.0,59.7,537.3
252,120,34,1,149.0,29.8,119.2
253,120,70,2,25.9,0,51.8
254,121,47,2,35.9,0,71.8
255,121,100,1,79.9,0,79.9
256,122,25,1,45.9,0,45.9
257,122,68,2,45.9,0,91.8
258,122,88,2,29.9,2.99,56.81
259,123,17,1,79.9,4.0,75.9
260,124,13,2,29.9,0,59.8
261,124,5,2,99.0,0,198.0
262,125,33,1,39.9,0,39.9
263,125,7,1,219.0,0,219.0
264,125,47,2,35.9,0,71.8
265,126,60,1,9.9,0,9.9
266,126,82,4,299.0,0,1196.0
267,126,8,3,79.0,35.55,201.45
268,127,94,3,89.9,26.97,242.73
269,127,10,5,69.9,34.95,314.55
270,128,25,2,45.9,0,91.8
271,128,68,5,45.9,0,229.5
272,129,96,3,239.0,0,717.0
273,129,14,2,89.9,0,179.8
274,130,14,3,89.9,0,269.7
275,130,22,2,75.0,0,150.0
276,131,77,4,69.9,0,279.6
277,131,57,2,39.9,0,79.8
278,132,53,1,19.9,0,19.9
279,132,98,2,99.9,0,199.8
280,132,82,1,299.0,0,299.0
281,133,33,1,39.9,5.99,33.91
282,133,47,2,35.9,0,71.8
283,133,58,10,29.9,0,299.0
284,133,51,1,35.9,0,35.9
285,134,3,4,149.0,0,596.0
286,134,99,2,29.9,0,59.8
287,134,89,1,39.9,0,39.9
288,134,36,1,199.0,0,199.0
289,135,32,1,45.9,0,45.9
290,135,30,4,29.9,0,119.6
291,135,33,2,39.9,0,79.8
292,135,39,1,29.9,0,29.9
293,136,74,2,55.9,22.36,89.44
294,136,13,1,29.9,4.49,25.41
295,136,77,1,69.9,0,69.9
296,137,16,1,129.0,0,129.0
297,137,99,2,29.9,11.96,47.84
298,138,68,1,45.9,0,45.9
299,139,65,2,15.9,6.36,25.44
300,140,97,1,69.9,0,69.9
301,140,77,1,69.9,3.5,66.4
302,140,74,1,55.9,0,55.9
303,140,65,2,15.9,0,31.8
304,140,12,1,49.9,0,49.9
305,141,98,2,99.9,0,199.8
306,141,18,2,25.9,5.18,46.62
307,141,62,1,35.9,0,35.9
308,142,88,1,29.9,0,29.9
309,142,74,1,55.9,0,55.9
310,143,77,1,69.9,0,69.9
311,143,84,10,45.9,0,459.0
312,144,57,1,39.9,0,39.9
313,144,80,3,89.9,0,269.7
314,144,19,1,189.0,18.9,170.1
315,144,6,3,299.0,0,897.0
316,144,30,1,29.9,0,29.9
317,145,58,1,29.9,0,29.9
318,146,28,2,119.0,0,238.0
319,146,27,1,99.0,0,99.0
320,146,70,1,25.9,0,25.9
321,147,75,4,45.9,0,183.6
322,148,8,1,79.0,0,79.0
323,149,7,2,219.0,87.6,350.4
324,149,60,2,9.9,0,19.8
325,150,47,3,35.9,0,107.7
326,150,14,1,89.9,0,89.9
327,150,3,5,149.0,111.75,633.25
328,150,38,1,39.9,0,39.9
329,151,26,2,49.9,0,99.8
330,152,3,1,149.0,0,149.0
331,152,6,2,299.0,89.7,508.3
332,152,32,1,45.9,0,45.9
333,152,68,10,45.9,0,459.0
334,153,8,2,79.0,0,158.0
335,154,4,1,55.0,0,55.0
336,154,72,2,89.9,35.96,143.84
337,154,36,2,199.0,0,398.0
338,154,29,4,65.9,0,263.6
339,155,74,1,55.9,0,55.9
340,155,20,2,139.0,0,278.0
341,156,84,1,45.9,0,45.9
342,157,18,2,25.9,0,51.8
343,157,40,1,25.9,0,25.9
344,157,89,5,39.9,19.95,179.55
345,158,72,5,89.9,67.42,382.08
346,158,69,3,59.9,8.98,170.72
347,159,53,2,19.9,0,39.8
348,159,39,2,29.9,0,59.8
349,159,57,1,39.9,3.99,35.91
350,160,98,10,99.9,0,999.0
351,161,79,2,49.9,0,99.8
352,161,30,1,29.9,5.98,23.92
353,162,78,1,29.9,0,29.9
354,163,50,1,89.9,8.99,80.91
355,164,53,3,19.9,8.96,50.74
356,165,29,1,65.9,13.18,52.72
357,165,96,3,239.0,0,717.0
358,165,86,1,349.0,0,349.0
359,165,26,1,49.9,0,49.9
360,165,97,1,69.9,0,69.9
361,166,41,2,35.9,0,71.8
362,166,51,2,35.9,0,71.8
363,167,5,1,99.0,0,99.0
364,167,67,4,39.9,0,159.6
365,167,14,2,89.9,0,179.8
366,167,58,1,29.9,0,29.9
367,168,7,1,219.0,0,219.0
368,168,25,3,45.9,0,137.7
369,168,38,1,39.9,0,39.9
370,169,89,3,39.9,0,119.7
371,169,67,2,39.9,7.98,71.82
372,169,19,1,189.0,0,189.0
373,169,60,1,9.9,0,9.9
374,170,26,1,49.9,0,49.9
375,170,59,2,18.9,1.89,35.91
376,170,12,1,49.9,0,49.9
377,170,33,2,39.9,15.96,63.84
378,171,66,1,79.9,0,79.9
379,171,79,3,49.9,0,149.7
380,171,21,2,89.9,0,179.8
381,172,19,1,189.0,0,189.0
382,173,40,3,25.9,0,77.7
383,173,94,2,89.9,17.98,161.82
384,174,1,1,25.9,0,25.9
385,174,80,2,89.9,35.96,143.84
386,174,98,1,99.9,0,99.9
387,174,33,1,39.9,0,39.9
388,174,2,1,189.0,0,189.0
389,175,71,1,149.0,0,149.0
390,176,27,1,99.0,0,99.0
391,176,7,1,219.0,0,219.0
392,176,24,2,59.9,0,119.8
393,177,12,1,49.9,0,49.9
394,178,87,1,199.0,0,199.0
395,179,74,5,55.9,0,279.5
396,179,72,1,89.9,13.48,76.42
397,179,23,1,35.9,0,35.9
398,180,98,1,99.9,0,99.9
399,180,55,1,22.9,0,22.9
400,180,71,1,149.0,0,149.0
401,181,27,2,99.0,9.9,188.1
402,182,89,4,39.9,0,159.6
403,182,78,1,29.9,0,29.9
404,183,68,10,45.9,0,459.0
405,183,74,1,55.9,0,55.9
406,184,81,1,35.9,3.59,32.31
407,184,64,2,89.9,0,179.8
408,185,4,1,55.0,0,55.0
409,186,27,1,99.0,0,99.0
410,186,79,2,49.9,0,99.8
411,186,54,1,55.9,0,55.9
412,187,9,1,399.0,0,399.0
413,188,1,2,25.9,0,51.8
414,188,15,2,69.9,0,139.8
415,189,23,1,35.9,0,35.9
416,190,62,1,35.9,7.18,28.72
417,190,61,4,29.9,0,119.6
418,190,5,1,99.0,0,99.0
419,190,83,1,89.9,0,89.9
420,191,39,2,29.9,0,59.8
421,191,73,1,199.0,0,199.0
422,191,93,1,55.9,0,55.9
423,192,9,3,399.0,0,1197.0
424,192,20,1,139.0,0,139.0
425,192,36,1,199.0,0,199.0
426,193,15,3,69.9,0,209.7
427,194,41,1,35.9,3.59,32.31
428,194,91,1,189.0,0,189.0
429,194,5,1,99.0,0,99.0
430,195,48,3,22.9,0,68.7
431,196,57,4,39.9,23.94,135.66
432,196,65,4,15.9,0,63.6
433,196,4,2,55.0,0,110.0
434,196,62,1,35.9,0,35.9
435,197,67,1,39.9,7.98,31.92
436,197,87,2,199.0,0,398.0
437,197,17,1,79.9,0,79.9
438,198,77,1,69.9,10.48,59.42
439,198,12,1,49.9,0,49.9
440,198,43,2,39.9,0,79.8
441,199,37,1,55.9,0,55.9
442,200,16,1,129.0,0,129.0
443,200,35,1,35.9,0,35.9
444,201,27,1,99.0,0,99.0
445,201,70,1,25.9,0,25.9
446,202,32,1,45.9,0,45.9
447,203,70,1,25.9,0,25.9
448,203,57,1,39.9,0,39.9
449,203,7,1,219.0,0,219.0
450,203,17,2,79.9,0,159.8
451,204,89,1,39.9,0,39.9
452,204,90,1,55.9,2.79,53.11
453,205,97,1,69.9,0,69.9
454,205,98,2,99.9,29.97,169.83
455,205,60,2,9.9,0,19.8
456,205,73,1,199.0,0,199.0
457,205,17,1,79.9,0,79.9
458,206,47,1,35.9,0,35.9
459,206,51,1,35.9,0,35.9
460,207,63,1,19.9,3.98,15.92
461,207,4,1,55.0,8.25,46.75
462,208,17,1,79.9,0,79.9
463,208,66,3,79.9,0,239.7
464,209,39,1,29.9,0,29.9
465,209,69,1,59.9,0,59.9
466,210,62,1,35.9,0,35.9
467,211,76,3,35.9,0,107.7
468,211,56,1,49.9,0,49.9
469,211,73,1,199.0,0,199.0
470,212,63,2,19.9,0,39.8
471,212,15,2,69.9,0,139.8
472,213,52,1,25.9,5.18,20.72
473,214,83,1,89.9,0,89.9
474,214,85,1,19.9,0,19.9
475,215,1,2,25.9,0,51.8
476,215,97,1,69.9,0,69.9
477,215,19,1,189.0,0,189.0
478,216,39,2,29.9,0,59.8
479,216,73,10,199.0,0,1990.0
480,216,87,2,199.0,0,398.0
481,216,56,3,49.9,0,149.7
482,217,71,5,149.0,111.75,633.25
483,218,37,3,55.9,0,167.7
484,219,51,2,35.9,0,71.8
485,219,81,1,35.9,0,35.9
486,219,41,1,35.9,7.18,28.72
487,220,47,1,35.9,0,35.9
488,220,54,1,55.9,2.79,53.11
489,220,20,1,139.0,0,139.0
490,221,18,3,25.9,0,77.7
491,221,11,4,59.9,0,239.6
492,221,83,4,89.9,0,359.6
493,222,55,3,22.9,0,68.7
494,222,71,1,149.0,0,149.0
495,223,64,3,89.9,0,269.7
496,224,53,2,19.9,1.99,37.81
497,224,70,2,25.9,0,51.8
498,225,62,5,35.9,26.93,152.57
499,226,11,4,59.9,47.92,191.68
500,226,67,2,39.9,0,79.8
501,227,88,3,29.9,0,89.7
502,227,82,1,299.0,0,299.0
503,227,70,3,25.9,0,77.7
504,228,61,2,29.9,0,59.8
505,228,74,5,55.9,0,279.5
506,229,5,2,99.0,0,198.0
507,230,73,1,199.0,0,199.0
508,230,34,1,149.0,22.35,126.65
509,231,80,1,89.9,4.5,85.4
510,231,4,3,55.0,0,165.0
511,231,37,1,55.9,0,55.9
512,232,2,1,189.0,0,189.0
513,232,95,1,149.0,0,149.0
514,232,15,3,69.9,0,209.7
515,232,78,2,29.9,0,59.8
516,233,5,5,99.0,0,495.0
517,233,44,3,119.0,0,357.0
518,233,11,3,59.9,0,179.7
519,234,85,2,19.9,5.97,33.83
520,234,57,1,39.9,0,39.9
521,235,7,1,219.0,0,219.0
522,235,22,2,75.0,0,150.0
523,235,60,2,9.9,0,19.8
524,236,61,2,29.9,0,59.8
525,236,34,1,149.0,0,149.0
526,236,19,1,189.0,0,189.0
527,237,6,4,299.0,0,1196.0
528,237,13,5,29.9,0,149.5
529,238,35,2,35.9,0,71.8
530,238,43,3,39.9,0,119.7
531,238,13,2,29.9,0,59.8
532,238,33,1,39.9,0,39.9
533,239,24,1,59.9,3.0,56.9
534,239,41,1,35.9,1.79,34.11
535,239,71,2,149.0,0,298.0
536,240,33,1,39.9,3.99,35.91
537,240,25,5,45.9,0,229.5
538,240,5,2,99.0,19.8,178.2
539,241,98,2,99.9,0,199.8
540,241,83,4,89.9,0,359.6
541,242,60,2,9.9,3.96,15.84
542,243,36,4,199.0,0,796.0
543,243,99,1,29.9,1.5,28.4
544,243,55,1,22.9,4.58,18.32
545,243,89,1,39.9,5.99,33.91
546,244,9,1,399.0,0,399.0
547,245,23,1,35.9,7.18,28.72
548,245,83,1,89.9,0,89.9
549,246,92,1,35.9,0,35.9
550,246,34,1,149.0,0,149.0
551,246,14,4,89.9,17.98,341.62
552,246,5,4,99.0,0,396.0
553,247,90,1,55.9,0,55.9
554,248,91,4,189.0,0,756.0
555,249,94,3,89.9,26.97,242.73
556,249,100,1,79.9,0,79.9
557,250,62,2,35.9,0,71.8
558,250,16,1,129.0,0,129.0
559,250,73,1,199.0,0,199.0
560,251,47,3,35.9,0,107.7
561,251,69,3,59.9,0,179.7
562,252,26,1,49.9,9.98,39.92
563,253,39,4,29.9,0,119.6
564,253,90,1,55.9,11.18,44.72
565,253,50,2,89.9,17.98,161.82
566,254,76,1,35.9,0,35.9
567,255,83,2,89.9,0,179.8
568,255,40,1,25.9,0,25.9
569,255,64,1,89.9,4.5,85.4
570,256,28,2,119.0,0,238.0
571,256,84,2,45.9,0,91.8
572,257,75,1,45.9,4.59,41.31
573,258,3,4,149.0,0,596.0
574,258,61,1,29.9,0,29.9
575,259,81,1,35.9,0,35.9
576,260,59,3,18.9,2.83,53.87
577,260,79,1,49.9,0,49.9
578,260,22,2,75.0,15.0,135.0
579,261,95,1,149.0,14.9,134.1
580,261,87,1,199.0,0,199.0
581,262,6,2,299.0,0,598.0
582,263,19,3,189.0,85.05,481.95
583,264,57,4,39.9,7.98,151.62
584,264,32,3,45.9,0,137.7
585,265,21,4,89.9,17.98,341.62
586,265,3,1,149.0,22.35,126.65
587,266,99,2,29.9,0,59.8
588,266,61,2,29.9,0,59.8
589,267,23,2,35.9,0,71.8
590,267,79,2,49.9,0,99.8
591,268,39,1,29.9,2.99,26.91
592,269,68,5,45.9,0,229.5
593,270,70,3,25.9,0,77.7
594,270,65,1,15.9,1.59,14.31
595,270,29,2,65.9,0,131.8
596,270,60,1,9.9,0.49,9.41
597,271,47,1,35.9,0,35.9
598,272,98,1,99.9,0,99.9
599,272,59,4,18.9,3.78,71.82
600,273,15,4,69.9,0,279.6
601,273,10,2,69.9,0,139.8
602,274,87,4,199.0,0,796.0
603,275,30,1,29.9,0,29.9
604,276,49,2,189.0,75.6,302.4
605,276,29,1,65.9,0,65.9
606,276,10,1,69.9,0,69.9
607,276,61,1,29.9,0,29.9
608,277,35,1,35.9,1.79,34.11
609,277,26,1,49.9,9.98,39.92
610,278,22,1,75.0,0,75.0
611,278,98,2,99.9,0,199.8
612,279,79,2,49.9,0,99.8
613,279,22,1,75.0,0,75.0
614,280,28,1,119.0,0,119.0
615,280,76,1,35.9,0,35.9
616,281,32,1,45.9,0,45.9
617,281,42,5,49.9,0,249.5
618,281,56,4,49.9,0,199.6
619,281,75,1,45.9,0,45.9
620,282,65,2,15.9,0,31.8
621,282,5,3,99.0,0,297.0
622,282,55,1,22.9,0,22.9
623,283,2,2,189.0,0,378.0
624,283,89,1,39.9,0,39.9
625,284,12,1,49.9,0,49.9
626,284,3,2,149.0,0,298.0
627,285,4,3,55.0,0,165.0
628,285,59,1,18.9,0,18.9
629,285,60,1,9.9,0,9.9
630,286,81,1,35.9,0,35.9
631,286,10,2,69.9,0,139.8
632,287,90,2,55.9,0,111.8
633,287,79,2,49.9,0,99.8
634,287,70,1,25.9,0,25.9
635,288,87,4,199.0,119.4,676.6
636,288,47,1,35.9,5.38,30.52
637,289,72,2,89.9,0,179.8
638,290,18,2,25.9,0,51.8
639,290,43,2,39.9,0,79.8
640,290,31,4,79.9,0,319.6
641,291,98,1,99.9,0,99.9
642,291,29,2,65.9,0,131.8
643,291,42,1,49.9,0,49.9
644,292,68,1,45.9,0,45.9
645,292,16,3,129.0,0,387.0
646,293,48,5,22.9,0,114.5
647,293,87,5,199.0,199.0,796.0
648,294,51,4,35.9,0,143.6
649,295,14,1,89.9,8.99,80.91
650,295,22,2,75.0,0,150.0
651,295,36,1,199.0,0,199.0
652,295,15,2,69.9,20.97,118.83
653,295,90,1,55.9,0,55.9
654,296,25,1,45.9,0,45.9
655,297,67,2,39.9,0,79.8
656,298,83,1,89.9,0,89.9
657,298,42,2,49.9,0,99.8
658,299,73,4,199.0,0,796.0
659,299,17,3,79.9,0,239.7
660,300,37,3,55.9,25.16,142.54
661,300,99,1,29.9,2.99,26.91
662,301,37,3,55.9,0,167.7
663,301,24,2,59.9,11.98,107.82
664,301,23,1,35.9,0,35.9
665,302,57,1,39.9,0,39.9
666,302,34,2,149.0,0,298.0
667,303,19,2,189.0,18.9,359.1
668,303,48,1,22.9,0,22.9
669,303,58,1,29.9,0,29.9
670,303,70,1,25.9,3.88,22.02
671,303,21,2,89.9,0,179.8
672,304,97,3,69.9,0,209.7
673,304,74,4,55.9,0,223.6
674,304,86,1,349.0,0,349.0
675,304,19,1,189.0,0,189.0
676,305,4,1,55.0,0,55.0
677,306,12,1,49.9,0,49.9
678,306,42,2,49.9,0,99.8
679,307,36,2,199.0,0,398.0
680,307,26,2,49.9,19.96,79.84
681,307,3,1,149.0,0,149.0
682,307,11,2,59.9,0,119.8
683,308,47,3,35.9,0,107.7
684,308,51,1,35.9,0,35.9
685,308,19,1,189.0,0,189.0
686,308,92,4,35.9,28.72,114.88
687,309,54,1,55.9,0,55.9
688,309,57,4,39.9,0,159.6
689,309,37,1,55.9,0,55.9
690,310,19,1,189.0,0,189.0
691,310,27,2,99.0,0,198.0
692,311,76,1,35.9,0,35.9
693,311,97,1,69.9,13.98,55.92
694,311,49,2,189.0,0,378.0
695,311,12,1,49.9,9.98,39.92
696,312,63,1,19.9,0,19.9
697,313,39,2,29.9,0,59.8
698,313,64,3,89.9,40.45,229.25
699,313,72,5,89.9,0,449.5
700,314,84,4,45.9,0,183.6
701,314,86,1,349.0,0,349.0
702,315,16,3,129.0,0,387.0
703,316,77,2,69.9,0,139.8
704,316,96,2,239.0,0,478.0
705,316,47,2,35.9,3.59,68.21
706,316,75,3,45.9,6.88,130.82
707,316,62,1,35.9,0,35.9
708,317,46,1,45.9,0,45.9
709,317,21,4,89.9,0,359.6
710,317,7,1,219.0,0,219.0
711,318,66,1,79.9,7.99,71.91
712,318,25,2,45.9,0,91.8
713,318,99,3,29.9,0,89.7
714,318,81,1,35.9,0,35.9
715,319,13,1,29.9,2.99,26.91
716,319,69,2,59.9,0,119.8
717,319,75,1,45.9,0,45.9
718,320,14,1,89.9,4.5,85.4
719,320,28,1,119.0,0,119.0
720,320,20,1,139.0,6.95,132.05
721,320,65,1,15.9,0,15.9
722,321,57,2,39.9,0,79.8
723,321,77,1,69.9,0,69.9
724,322,16,3,129.0,38.7,348.3
725,322,29,1,65.9,0,65.9
726,322,17,10,79.9,0,799.0
727,323,15,3,69.9,0,209.7
728,323,10,1,69.9,3.5,66.4
729,323,3,1,149.0,0,149.0
730,324,39,2,29.9,0,59.8
731,325,78,4,29.9,17.94,101.66
732,325,27,1,99.0,14.85,84.15
733,325,76,5,35.9,0,179.5
734,326,65,3,15.9,0,47.7
735,327,9,3,399.0,0,1197.0
736,327,13,2,29.9,0,59.8
737,328,22,1,75.0,0,75.0
738,328,97,2,69.9,0,139.8
739,328,69,1,59.9,0,59.9
740,328,1,1,25.9,0,25.9
741,328,93,1,55.9,0,55.9
742,329,28,1,119.0,17.85,101.15
743,329,66,1,79.9,7.99,71.91
744,330,47,1,35.9,0,35.9
745,330,91,1,189.0,0,189.0
746,331,59,2,18.9,0,37.8
747,331,77,3,69.9,0,209.7
748,332,55,3,22.9,0,68.7
749,332,25,3,45.9,0,137.7
750,333,2,1,189.0,37.8,151.2
751,333,87,2,199.0,0,398.0
752,334,51,1,35.9,0,35.9
753,335,22,1,75.0,0,75.0
754,336,77,1,69.9,0,69.9
755,336,52,2,25.9,0,51.8
756,337,75,3,45.9,0,137.7
757,337,76,5,35.9,0,179.5
758,337,35,2,35.9,0,71.8
759,338,66,1,79.9,0,79.9
760,338,36,1,199.0,0,199.0
761,338,19,1,189.0,9.45,179.55
762,338,99,3,29.9,0,89.7
763,338,59,1,18.9,2.83,16.07
764,339,80,2,89.9,0,179.8
765,340,67,3,39.9,0,119.7
766,340,99,2,29.9,0,59.8
767,340,64,1,89.9,0,89.9
768,341,70,10,25.9,0,259.0
769,341,3,1,149.0,0,149.0
770,341,98,3,99.9,0,299.7
771,341,5,1,99.0,14.85,84.15
772,342,22,1,75.0,0,75.0
773,342,63,3,19.9,0,59.7
774,342,56,1,49.9,0,49.9
775,342,18,2,25.9,0,51.8
776,343,21,1,89.9,0,89.9
777,343,65,2,15.9,0,31.8
778,344,99,1,29.9,0,29.9
779,344,37,1,55.9,0,55.9
780,344,42,3,49.9,0,149.7
781,345,81,1,35.9,0,35.9
782,345,44,1,119.0,0,119.0
783,345,49,2,189.0,0,378.0
784,346,76,4,35.9,21.54,122.06
785,346,11,1,59.9,8.98,50.92
786,347,85,3,19.9,0,59.7
787,348,35,2,35.9,0,71.8
788,348,3,1,149.0,0,149.0
789,348,90,2,55.9,0,111.8
790,348,61,1,29.9,0,29.9
791,349,65,2,15.9,4.77,27.03
792,349,98,1,99.9,0,99.9
793,350,10,1,69.9,0,69.9
794,350,69,1,59.9,0,59.9
795,351,80,2,89.9,0,179.8
796,351,96,2,239.0,0,478.0
797,351,12,2,49.9,0,99.8
798,352,45,2,29.9,0,59.8
799,352,10,3,69.9,0,209.7
800,353,26,1,49.9,0,49.9
801,353,54,1,55.9,0,55.9
802,354,3,2,149.0,0,298.0
803,355,64,1,89.9,0,89.9
804,356,60,2,9.9,0,19.8
805,356,35,3,35.9,0,107.7
806,356,82,2,299.0,0,598.0
807,357,47,1,35.9,5.38,30.52
808,357,60,3,9.9,0,29.7
809,358,9,1,399.0,0,399.0
810,358,82,1,299.0,0,299.0
811,358,27,1,99.0,0,99.0
812,358,53,1,19.9,2.98,16.92
813,359,72,1,89.9,0,89.9
814,359,56,1,49.9,0,49.9
815,360,36,2,199.0,19.9,378.1
816,361,63,2,19.9,0,39.8
817,361,3,4,149.0,0,596.0
818,361,8,1,79.0,0,79.0
819,361,11,1,59.9,0,59.9
820,361,41,2,35.9,3.59,68.21
821,362,65,2,15.9,0,31.8
822,362,16,5,129.0,0,645.0
823,363,12,1,49.9,7.49,42.41
824,364,75,1,45.9,0,45.9
825,364,95,1,149.0,0,149.0
826,365,23,1,35.9,0,35.9
827,366,76,1,35.9,0,35.9
828,366,8,5,79.0,0,395.0
829,367,88,5,29.9,0,149.5
830,367,32,4,45.9,0,183.6
831,368,40,5,25.9,0,129.5
832,368,3,3,149.0,0,447.0
833,368,83,5,89.9,0,449.5
834,369,31,1,79.9,0,79.9
835,369,33,2,39.9,0,79.8
836,369,71,2,149.0,0,298.0
837,370,57,1,39.9,0,39.9
838,371,33,1,39.9,0,39.9
839,371,39,1,29.9,0,29.9
840,372,57,2,39.9,0,79.8
841,372,81,1,35.9,7.18,28.72
842,372,41,1,35.9,0,35.9
843,372,99,3,29.9,0,89.7
844,373,13,2,29.9,0,59.8
845,373,21,2,89.9,0,179.8
846,373,90,2,55.9,0,111.8
847,373,34,1,149.0,14.9,134.1
848,374,83,1,89.9,0,89.9
849,374,18,1,25.9,0,25.9
850,375,32,2,45.9,0,91.8
851,376,98,2,99.9,0,199.8
852,376,17,1,79.9,0,79.9
853,376,77,2,69.9,0,139.8
854,377,42,1,49.9,0,49.9
855,377,37,1,55.9,0,55.9
856,377,26,3,49.9,0,149.7
857,378,3,4,149.0,0,596.0
858,379,12,1,49.9,0,49.9
859,379,60,1,9.9,0,9.9
860,380,34,1,149.0,0,149.0
861,380,20,5,139.0,139.0,556.0
862,381,59,1,18.9,0,18.9
863,381,87,1,199.0,0,199.0
864,381,64,3,89.9,0,269.7
865,382,17,3,79.9,0,239.7
866,382,56,10,49.9,0,499.0
867,383,54,3,55.9,25.16,142.54
868,383,24,1,59.9,0,59.9
869,383,53,1,19.9,0,19.9
870,384,11,1,59.9,0,59.9
871,384,2,5,189.0,0,945.0
872,385,50,2,89.9,0,179.8
873,386,13,2,29.9,5.98,53.82
874,387,46,4,45.9,0,183.6
875,387,78,2,29.9,0,59.8
876,388,33,2,39.9,0,79.8
877,389,86,2,349.0,0,698.0
878,389,48,2,22.9,0,45.8
879,389,17,4,79.9,47.94,271.66
880,389,72,2,89.9,0,179.8
881,389,6,1,299.0,0,299.0
882,390,64,1,89.9,0,89.9
883,390,36,2,199.0,0,398.0
884,390,96,1,239.0,0,239.0
885,390,47,4,35.9,0,143.6
886,390,56,10,49.9,0,499.0
887,391,85,2,19.9,0,39.8
888,392,7,1,219.0,32.85,186.15
889,393,60,1,9.9,0,9.9
890,394,6,2,299.0,0,598.0
891,394,57,1,39.9,0,39.9
892,394,46,1,45.9,0,45.9
893,394,91,1,189.0,0,189.0
894,395,96,2,239.0,0,478.0
895,395,66,1,79.9,0,79.9
896,395,35,1,35.9,0,35.9
897,396,10,1,69.9,0,69.9
898,397,43,1,39.9,0,39.9
899,398,51,4,35.9,21.54,122.06
900,398,48,1,22.9,4.58,18.32
901,398,76,1,35.9,0,35.9
902,399,1,5,25.9,0,129.5
903,399,43,5,39.9,0,199.5
904,400,94,1,89.9,13.48,76.42
905,400,73,1,199.0,9.95,189.05
906,400,17,2,79.9,0,159.8
907,401,33,1,39.9,0,39.9
908,402,12,1,49.9,0,49.9
909,402,3,2,149.0,0,298.0
910,402,27,1,99.0,0,99.0
911,402,21,3,89.9,0,269.7
912,403,88,2,29.9,0,59.8
913,403,78,2,29.9,0,59.8
914,403,17,4,79.9,0,319.6
915,403,46,2,45.9,0,91.8
916,404,48,1,22.9,0,22.9
917,404,79,1,49.9,0,49.9
918,404,24,1,59.9,0,59.9
919,405,20,2,139.0,0,278.0
920,405,64,1,89.9,0,89.9
921,405,68,4,45.9,0,183.6
922,406,17,2,79.9,0,159.8
923,407,55,1,22.9,1.15,21.75
924,408,66,1,79.9,0,79.9
925,408,14,2,89.9,0,179.8
926,408,55,1,22.9,1.15,21.75
927,408,53,1,19.9,0,19.9
928,409,24,3,59.9,35.94,143.76
929,410,39,1,29.9,0,29.9
930,410,41,2,35.9,0,71.8
931,410,76,5,35.9,0,179.5
932,410,93,1,55.9,8.38,47.52
933,411,14,1,89.9,8.99,80.91
934,411,56,2,49.9,0,99.8
935,411,69,1,59.9,0,59.9
936,411,3,2,149.0,0,298.0
937,412,79,2,49.9,0,99.8
938,412,47,2,35.9,0,71.8
939,413,18,1,25.9,1.29,24.61
940,414,25,1,45.9,4.59,41.31
941,414,4,1,55.0,0,55.0
942,414,27,3,99.0,44.55,252.45
943,415,19,1,189.0,18.9,170.1
944,415,61,2,29.9,0,59.8
945,415,55,1,22.9,4.58,18.32
946,416,26,2,49.9,0,99.8
947,416,38,1,39.9,7.98,31.92
948,417,64,2,89.9,0,179.8
949,417,95,1,149.0,0,149.0
950,417,75,2,45.9,0,91.8
951,417,77,2,69.9,0,139.8
952,417,94,1,89.9,0,89.9
953,418,55,1,22.9,4.58,18.32
954,418,74,4,55.9,33.54,190.06
955,419,56,1,49.9,0,49.9
956,419,3,1,149.0,0,149.0
957,420,76,1,35.9,0,35.9
958,420,88,3,29.9,0,89.7
959,421,38,2,39.9,0,79.8
960,422,87,2,199.0,0,398.0
961,422,84,3,45.9,0,137.7
962,423,37,2,55.9,0,111.8
963,423,89,1,39.9,7.98,31.92
964,424,54,5,55.9,0,279.5
965,425,72,1,89.9,13.48,76.42
966,426,21,3,89.9,0,269.7
967,426,23,1,35.9,7.18,28.72
968,427,30,1,29.9,0,29.9
969,428,44,3,119.0,0,357.0
970,429,72,3,89.9,0,269.7
971,429,35,2,35.9,3.59,68.21
972,429,20,4,139.0,0,556.0
973,430,97,5,69.9,0,349.5
974,430,15,2,69.9,0,139.8
975,431,72,1,89.9,4.5,85.4
976,432,47,2,35.9,0,71.8
977,432,21,1,89.9,0,89.9
978,432,94,1,89.9,0,89.9
979,432,38,3,39.9,11.97,107.73
980,433,54,3,55.9,0,167.7
981,433,99,3,29.9,0,89.7
982,434,11,1,59.9,0,59.9
983,434,35,1,35.9,0,35.9
984,435,97,2,69.9,0,139.8
985,436,55,1,22.9,0,22.9
986,437,67,1,39.9,3.99,35.91
987,437,88,3,29.9,0,89.7
988,438,9,1,399.0,0,399.0
989,438,11,3,59.9,0,179.7
990,439,5,4,99.0,19.8,376.2
991,439,85,5,19.9,0,99.5
992,440,67,1,39.9,0,39.9
993,440,38,2,39.9,0,79.8
994,440,54,2,55.9,0,111.8
995,441,36,4,199.0,0,796.0
996,442,52,1,25.9,0,25.9
997,443,80,1,89.9,0,89.9
998,443,84,3,45.9,0,137.7
999,444,39,2,29.9,0,59.8
1000,444,11,2,59.9,0,119.8
1001,444,5,2,99.0,0,198.0
1002,445,66,2,79.9,0,159.8
1003,446,21,4,89.9,0,359.6
1004,446,3,1,149.0,0,149.0
1005,446,4,1,55.0,0,55.0
1006,447,94,3,89.9,0,269.7
1007,447,8,2,79.0,7.9,150.1
1008,448,74,1,55.9,0,55.9
1009,448,95,1,149.0,0,149.0
1010,449,92,2,35.9,0,71.8
1011,449,81,1,35.9,0,35.9
1012,450,92,1,35.9,0,35.9
1013,450,74,2,55.9,11.18,100.62
1014,450,87,3,199.0,0,597.0
1015,451,92,1,35.9,0,35.9
1016,452,55,4,22.9,0,91.6
1017,453,48,2,22.9,0,45.8
1018,453,87,2,199.0,0,398.0
1019,454,64,2,89.9,0,179.8
1020,455,63,3,19.9,5.97,53.73
1021,455,94,1,89.9,0,89.9
1022,455,54,5,55.9,0,279.5
1023,456,89,1,39.9,3.99,35.91
1024,456,28,5,119.0,0,595.0
1025,457,78,2,29.9,5.98,53.82
1026,457,53,1,19.9,0,19.9
1027,457,15,1,69.9,0,69.9
1028,457,16,1,129.0,25.8,103.2
1029,457,48,1,22.9,0,22.9
1030,458,28,1,119.0,0,119.0
1031,458,24,1,59.9,11.98,47.92
1032,458,95,2,149.0,0,298.0
1033,458,63,4,19.9,0,79.6
1034,459,93,1,55.9,11.18,44.72
1035,459,78,3,29.9,0,89.7
1036,460,94,1,89.9,0,89.9
1037,461,53,4,19.9,0,79.6
1038,461,50,1,89.9,0,89.9
1039,461,30,1,29.9,0,29.9
1040,462,22,2,75.0,0,150.0
1041,463,91,2,189.0,0,378.0
1042,463,40,1,25.9,0,25.9
1043,463,72,2,89.9,0,179.8
1044,464,67,4,39.9,15.96,143.64
1045,464,25,5,45.9,0,229.5
1046,464,97,1,69.9,0,69.9
1047,464,61,3,29.9,0,89.7
1048,464,65,1,15.9,0,15.9
1049,465,76,1,35.9,0,35.9
1050,465,6,1,299.0,14.95,284.05
1051,466,41,1,35.9,3.59,32.31
1052,466,49,1,189.0,9.45,179.55
1053,466,33,1,39.9,0,39.9
1054,466,12,2,49.9,14.97,84.83
1055,467,92,1,35.9,0,35.9
1056,468,53,1,19.9,0,19.9
1057,468,42,4,49.9,19.96,179.64
1058,469,76,2,35.9,0,71.8
1059,469,31,5,79.9,0,399.5
1060,469,64,1,89.9,0,89.9
1061,470,4,1,55.0,0,55.0
1062,471,35,1,35.9,0,35.9
1063,471,71,2,149.0,59.6,238.4
1064,471,76,1,35.9,0,35.9
1065,471,87,2,199.0,0,398.0
1066,472,70,10,25.9,0,259.0
1067,473,55,1,22.9,4.58,18.32
1068,473,72,5,89.9,0,449.5
1069,474,22,4,75.0,0,300.0
1070,474,1,2,25.9,0,51.8
1071,474,8,1,79.0,0,79.0
1072,475,75,1,45.9,2.29,43.61
1073,475,66,1,79.9,0,79.9
1074,476,18,2,25.9,0,51.8
1075,477,27,4,99.0,0,396.0
1076,477,79,2,49.9,0,99.8
1077,477,65,2,15.9,0,31.8
1078,477,41,2,35.9,0,71.8
1079,478,77,1,69.9,0,69.9
1080,479,1,2,25.9,2.59,49.21
1081,480,53,2,19.9,0,39.8
1082,480,72,2,89.9,0,179.8
1083,480,90,2,55.9,5.59,106.21
1084,481,86,1,349.0,0,349.0
1085,481,57,3,39.9,0,119.7
1086,481,87,1,199.0,0,199.0
1087,481,16,2,129.0,51.6,206.4
1088,482,25,1,45.9,0,45.9
1089,482,57,3,39.9,0,119.7
1090,483,25,2,45.9,0,91.8
1091,483,12,1,49.9,0,49.9
1092,483,79,5,49.9,49.9,199.6
1093,484,91,1,189.0,0,189.0
1094,484,78,1,29.9,0,29.9
1095,484,27,2,99.0,0,198.0
1096,484,1,2,25.9,0,51.8
1097,485,88,2,29.9,5.98,53.82
1098,485,78,2,29.9,5.98,53.82
1099,486,94,1,89.9,0,89.9
1100,486,36,2,199.0,0,398.0
1101,486,25,2,45.9,0,91.8
1102,486,87,1,199.0,0,199.0
1103,487,84,1,45.9,0,45.9
1104,487,7,1,219.0,0,219.0
1105,487,42,1,49.9,0,49.9
1106,488,93,1,55.9,0,55.9
1107,488,29,1,65.9,6.59,59.31
1108,488,7,1,219.0,0,219.0
1109,489,95,1,149.0,14.9,134.1
1110,489,29,1,65.9,0,65.9
1111,489,89,1,39.9,0,39.9
1112,490,56,3,49.9,0,149.7
1113,491,43,1,39.9,0,39.9
1114,491,33,5,39.9,0,199.5
1115,492,67,3,39.9,0,119.7
1116,492,31,3,79.9,0,239.7
1117,492,10,2,69.9,6.99,132.81
1118,493,49,3,189.0,113.4,453.6
1119,493,41,1,35.9,0,35.9
1120,493,89,1,39.9,2.0,37.9
1121,493,9,2,399.0,0,798.0
1122,494,13,3,29.9,0,89.7
1123,494,80,2,89.9,0,179.8
1124,495,50,1,89.9,0,89.9
1125,496,13,2,29.9,0,59.8
1126,496,44,1,119.0,0,119.0
1127,497,14,2,89.9,17.98,161.82
1128,497,2,4,189.0,113.4,642.6
1129,498,62,2,35.9,7.18,64.62
1130,498,93,3,55.9,25.16,142.54
1131,499,66,3,79.9,0,239.7
1132,499,84,4,45.9,0,183.6
1133,500,40,2,25.9,0,51.8
1134,501,67,1,39.9,0,39.9
1135,501,76,3,35.9,0,107.7
1136,501,85,1,19.9,1.99,17.91
1137,501,87,2,199.0,0,398.0
1138,501,19,1,189.0,37.8,151.2
1139,502,60,1,9.9,0,9.9
1140,502,77,5,69.9,0,349.5
1141,502,89,1,39.9,7.98,31.92
1142,503,6,2,299.0,0,598.0
1143,503,64,1,89.9,0,89.9
1144,503,29,1,65.9,0,65.9
1145,503,1,3,25.9,0,77.7
1146,504,52,3,25.9,3.88,73.82
1147,504,24,1,59.9,3.0,56.9
1148,505,57,1,39.9,0,39.9
1149,506,6,1,299.0,44.85,254.15
1150,506,4,2,55.0,0,110.0
1151,506,26,2,49.9,4.99,94.81
1152,507,34,4,149.0,59.6,536.4
1153,508,15,4,69.9,0,279.6
1154,508,44,1,119.0,0,119.0
1155,509,68,4,45.9,18.36,165.24
1156,509,80,4,89.9,35.96,323.64
1157,509,56,1,49.9,0,49.9
1158,510,77,5,69.9,0,349.5
1159,510,55,1,22.9,0,22.9
1160,511,69,1,59.9,5.99,53.91
1161,512,36,4,199.0,0,796.0
1162,513,63,3,19.9,0,59.7
1163,513,27,1,99.0,0,99.0
1164,513,94,4,89.9,0,359.6
1165,513,11,1,59.9,0,59.9
1166,513,61,1,29.9,0,29.9
1167,514,62,5,35.9,0,179.5
1168,514,92,2,35.9,0,71.8
1169,515,84,1,45.9,0,45.9
1170,515,5,3,99.0,0,297.0
1171,515,27,1,99.0,0,99.0
1172,516,48,2,22.9,2.29,43.51
1173,516,33,1,39.9,0,39.9
1174,517,6,1,299.0,0,299.0
1175,518,60,1,9.9,0,9.9
1176,518,56,1,49.9,0,49.9
1177,519,30,1,29.9,1.5,28.4
1178,520,65,2,15.9,0,31.8
1179,521,30,1,29.9,2.99,26.91
1180,521,13,1,29.9,0,29.9
1181,521,16,1,129.0,0,129.0
1182,522,36,2,199.0,59.7,338.3
1183,522,25,1,45.9,0,45.9
1184,522,91,3,189.0,0,567.0
1185,523,52,3,25.9,7.77,69.93
1186,523,75,3,45.9,0,137.7
1187,524,27,2,99.0,0,198.0
1188,524,61,3,29.9,0,89.7
1189,524,30,1,29.9,0,29.9
1190,525,25,3,45.9,0,137.7
1191,525,55,1,22.9,0,22.9
1192,526,48,2,22.9,2.29,43.51
1193,526,18,1,25.9,0,25.9
1194,527,29,1,65.9,0,65.9
1195,527,54,3,55.9,0,167.7
1196,528,76,1,35.9,0,35.9
1197,529,20,3,139.0,0,417.0
1198,529,43,2,39.9,0,79.8
1199,529,73,1,199.0,0,199.0
1200,529,81,1,35.9,0,35.9
1201,530,43,5,39.9,0,199.5
1202,530,73,1,199.0,19.9,179.1
1203,531,89,2,39.9,7.98,71.82
1204,532,50,1,89.9,0,89.9
1205,533,9,1,399.0,59.85,339.15
1206,533,59,3,18.9,0,56.7
1207,533,8,1,79.0,15.8,63.2
1208,534,9,5,399.0,0,1995.0
1209,534,50,1,89.9,0,89.9
1210,535,91,1,189.0,0,189.0
1211,535,86,4,349.0,0,1396.0
1212,536,88,1,29.9,2.99,26.91
1213,536,59,1,18.9,0,18.9
1214,537,32,1,45.9,0,45.9
1215,537,68,1,45.9,0,45.9
1216,538,12,1,49.9,0,49.9
1217,539,90,3,55.9,0,167.7
1218,539,92,3,35.9,0,107.7
1219,540,23,2,35.9,0,71.8
1220,540,80,4,89.9,17.98,341.62
1221,541,6,4,299.0,179.4,1016.6
1222,541,31,2,79.9,15.98,143.82
1223,542,53,10,19.9,9.95,189.05
1224,542,98,2,99.9,0,199.8
1225,542,71,1,149.0,14.9,134.1
1226,542,16,2,129.0,0,258.0
1227,543,89,2,39.9,0,79.8
1228,544,52,1,25.9,1.29,24.61
1229,544,25,2,45.9,18.36,73.44
1230,545,9,2,399.0,0,798.0
1231,545,11,5,59.9,44.92,254.58
1232,546,22,1,75.0,0,75.0
1233,546,3,2,149.0,0,298.0
1234,546,78,1,29.9,0,29.9
1235,547,20,1,139.0,0,139.0
1236,547,57,4,39.9,0,159.6
1237,547,46,1,45.9,2.29,43.61
1238,548,40,1,25.9,5.18,20.72
1239,548,57,3,39.9,0,119.7
1240,549,31,1,79.9,0,79.9
1241,549,26,10,49.9,0,499.0
1242,550,86,1,349.0,0,349.0
1243,551,86,1,349.0,69.8,279.2
1244,552,42,2,49.9,0,99.8
1245,552,72,4,89.9,0,359.6
1246,553,30,1,29.9,0,29.9
1247,553,28,1,119.0,0,119.0
1248,554,28,1,119.0,17.85,101.15
1249,555,48,1,22.9,0,22.9
1250,555,6,1,299.0,0,299.0
1251,556,14,1,89.9,13.48,76.42
1252,556,92,10,35.9,0,359.0
1253,556,69,2,59.9,0,119.8
1254,556,73,2,199.0,0,398.0
1255,556,22,2,75.0,0,150.0
1256,557,86,1,349.0,69.8,279.2
1257,557,62,1,35.9,0,35.9
1258,558,76,2,35.9,3.59,68.21
1259,559,16,1,129.0,0,129.0
1260,559,40,1,25.9,2.59,23.31
1261,560,38,1,39.9,0,39.9
1262,560,26,1,49.9,0,49.9
1263,561,57,4,39.9,23.94,135.66
1264,561,95,2,149.0,0,298.0
1265,562,54,3,55.9,0,167.7
1266,562,83,1,89.9,0,89.9
1267,563,27,1,99.0,0,99.0
1268,563,70,10,25.9,0,259.0
1269,564,29,2,65.9,6.59,125.21
1270,564,78,1,29.9,0,29.9
1271,564,49,5,189.0,94.5,850.5
1272,565,17,2,79.9,0,159.8
1273,565,12,1,49.9,0,49.9
1274,565,23,1,35.9,0,35.9
1275,565,76,1,35.9,7.18,28.72
1276,566,32,1,45.9,0,45.9
1277,567,26,1,49.9,9.98,39.92
1278,567,35,1,35.9,0,35.9
1279,567,62,1,35.9,7.18,28.72
1280,567,11,1,59.9,0,59.9
1281,567,47,3,35.9,0,107.7
1282,568,77,2,69.9,0,139.8
1283,568,69,1,59.9,0,59.9
1284,568,20,1,139.0,0,139.0
1285,568,71,1,149.0,29.8,119.2
1286,569,25,1,45.9,0,45.9
1287,570,48,4,22.9,0,91.6
1288,570,63,5,19.9,0,99.5
1289,570,52,1,25.9,0,25.9
1290,571,53,10,19.9,19.9,179.1
1291,571,5,1,99.0,0,99.0
1292,572,97,2,69.9,0,139.8
1293,573,89,2,39.9,0,79.8
1294,573,48,4,22.9,0,91.6
1295,574,5,4,99.0,0,396.0
1296,575,4,2,55.0,0,110.0
1297,575,90,1,55.9,0,55.9
1298,575,86,1,349.0,0,349.0
1299,576,21,2,89.9,0,179.8
1300,576,2,1,189.0,0,189.0
1301,576,15,4,69.9,0,279.6
1302,576,99,1,29.9,0,29.9
1303,576,12,3,49.9,0,149.7
1304,577,69,4,59.9,0,239.6
1305,577,85,2,19.9,0,39.8
1306,578,12,3,49.9,0,149.7
1307,578,14,1,89.9,0,89.9
1308,578,82,4,299.0,0,1196.0
1309,578,74,1,55.9,0,55.9
1310,579,1,3,25.9,0,77.7
1311,579,13,1,29.9,0,29.9
1312,579,9,1,399.0,39.9,359.1
1313,580,26,2,49.9,9.98,89.82
1314,580,63,1,19.9,1.99,17.91
1315,580,24,3,59.9,35.94,143.76
1316,581,80,3,89.9,40.45,229.25
1317,581,14,1,89.9,4.5,85.4
1318,582,75,1,45.9,0,45.9
1319,582,31,1,79.9,4.0,75.9
1320,583,6,2,299.0,89.7,508.3
1321,583,13,4,29.9,0,119.6
1322,583,28,1,119.0,0,119.0
1323,584,44,3,119.0,0,357.0
1324,584,41,2,35.9,0,71.8
1325,585,46,4,45.9,0,183.6
1326,586,90,1,55.9,0,55.9
1327,587,4,1,55.0,0,55.0
1328,587,78,3,29.9,0,89.7
1329,587,16,2,129.0,0,258.0
1330,587,68,1,45.9,0,45.9
1331,588,82,5,299.0,0,1495.0
1332,589,47,4,35.9,0,143.6
1333,590,87,2,199.0,0,398.0
1334,590,57,2,39.9,15.96,63.84
1335,590,30,4,29.9,0,119.6
1336,591,85,4,19.9,0,79.6
1337,591,90,1,55.9,5.59,50.31
1338,592,74,1,55.9,0,55.9
1339,592,92,1,35.9,0,35.9
1340,592,65,2,15.9,0,31.8
1341,592,5,1,99.0,0,99.0
1342,593,85,2,19.9,0,39.8
1343,594,85,2,19.9,1.99,37.81
1344,595,42,4,49.9,0,199.6
1345,596,33,2,39.9,0,79.8
1346,597,86,2,349.0,0,698.0
1347,597,18,3,25.9,0,77.7
1348,597,69,1,59.9,0,59.9
1349,598,9,4,399.0,0,1596.0
1350,598,83,2,89.9,0,179.8
1351,598,44,3,119.0,0,357.0
1352,598,49,1,189.0,0,189.0
1353,599,38,1,39.9,3.99,35.91
1354,600,15,1,69.9,0,69.9
1355,600,74,1,55.9,0,55.9
1356,600,48,1,22.9,0,22.9
